visit date,visit platform,visit country
2014-07-21,Android,united states of america
2014-07-21,Web or Other,united states of america
2014-07-25,Web or Other,united states of america
2014-07-26,Web or Other,united states of america
2014-07-27,Android,united states of america
2014-07-27,Web or Other,united states of america
2014-07-28,Android,united states of america
2014-07-28,Web or Other,united states of america
2014-07-29,Web or Other,united states of america
2014-08-02,Web or Other,united states of america
2014-08-03,Android,united states of america
2014-08-03,Web or Other,united states of america
2014-08-04,Android,united states of america
2014-08-04,Web or Other,united states of america
2014-08-05,Web or Other,united states of america
2014-08-06,Android,united states of america
2014-08-06,Web or Other,united states of america
2014-08-07,Android,united states of america
2014-08-07,Web or Other,united states of america
2014-08-08,Android,united states of america
2014-08-08,Web or Other,united states of america
2014-08-10,Android,united states of america
2014-08-10,Web or Other,united states of america
2014-08-11,Android,united states of america
2014-08-11,Web or Other,united states of america
2014-08-13,Android,united states of america
2014-08-14,Web or Other,united states of america
2014-08-16,Android,united states of america
2014-08-16,Web or Other,united states of america
2014-08-23,Android,united states of america
2014-08-23,Web or Other,united states of america
2014-09-11,Android,united states of america
2014-09-11,Web or Other,united states of america
2014-09-27,Web or Other,united states of america
2014-09-29,Android,united states of america
2014-10-03,Android,united states of america
2014-10-27,Android,united states of america
2014-10-27,Web or Other,united states of america
2014-11-08,Android,united states of america
2014-11-09,Android,united states of america
2014-11-09,Web or Other,united states of america
2014-11-10,Web or Other,united states of america
2014-11-11,Android,united states of america
2014-11-12,Android,united states of america
2014-11-14,Android,united states of america
2014-11-15,Web or Other,united states of america
2014-11-16,Android,united states of america
2014-11-17,Android,united states of america
2014-11-18,Android,united states of america
2014-11-19,Android,united states of america
2014-11-21,Android,united states of america
2014-11-23,Android,united states of america
2014-11-25,Android,united states of america
2014-11-26,Android,united states of america
2014-11-26,Web or Other,united states of america
2014-11-28,Android,united states of america
2014-11-29,Android,united states of america
2014-11-30,Android,united states of america
2014-12-01,Android,united states of america
2014-12-01,Web or Other,united states of america
2014-12-02,Android,united states of america
2014-12-05,Android,united states of america
2014-12-07,Android,united states of america
2014-12-08,Android,united states of america
2014-12-09,Android,united states of america
2014-12-12,Android,united states of america
2014-12-14,Android,united states of america
2014-12-16,Android,united states of america
2014-12-20,Android,united states of america
2014-12-20,Web or Other,united states of america
2014-12-22,Android,united states of america
2014-12-23,Android,united states of america
2014-12-23,Web or Other,united states of america
2014-12-24,Android,united states of america
2014-12-26,Android,united states of america
2014-12-29,Android,united states of america
2014-12-30,Android,united states of america
2015-01-02,Android,united states of america
2015-01-05,Android,united states of america
2015-01-06,Android,united states of america
2015-01-10,Web or Other,united states of america
2015-01-19,Android,united states of america
2015-01-23,Android,united states of america
2015-01-23,Web or Other,united states of america
2015-01-24,Android,united states of america
2015-01-26,Android,united states of america
2015-01-28,Web or Other,united states of america
2015-01-31,Android,united states of america
2015-01-31,Web or Other,united states of america
2015-02-10,Android,united states of america
2015-02-14,Android,united states of america
2015-02-16,Android,united states of america
2015-02-17,Android,united states of america
2015-02-19,Android,united states of america
2015-02-24,Android,united states of america
2015-03-21,Android,united states of america
2015-04-26,Android,united states of america
2015-04-26,Web or Other,unknown / not tracked
2015-05-05,Web or Other,switzerland
2015-05-08,Android,united states of america
2015-05-08,Web or Other,united states of america
2015-05-09,Android,united states of america
2015-05-11,Android,united states of america
2015-05-20,Android,united states of america
2015-10-19,Android,united states of america
2015-10-20,Android,united states of america
2015-12-17,Android,united states of america
2016-01-26,Android,united states of america
2016-01-29,Android,unknown / not tracked
2016-01-30,Android,united states of america
2016-02-02,Android,united states of america
2016-02-22,Android,united states of america
2016-02-23,Android,united states of america
2016-03-08,Android,united states of america
2016-03-14,Android,united states of america
2016-03-14,Web or Other,united states of america
2016-03-15,Android,united states of america
2016-03-18,Android,united states of america
2016-03-22,Android,united states of america
2016-03-22,Web or Other,united states of america
2016-04-19,Android,united states of america
2016-04-20,Android,united states of america
2016-05-11,Android,united states of america
2016-05-12,Android,united states of america
2016-05-20,Android,united states of america
2016-06-27,Android,united states of america
2016-06-27,Web or Other,united states of america
2016-06-28,Android,united states of america
2016-06-28,Web or Other,united states of america
2016-06-30,Android,united states of america
2016-09-22,Android,united states of america
2017-03-16,Android,united states of america
2017-03-17,Android,united states of america
2017-03-26,Android,united states of america
2017-03-27,Android,united states of america
2017-04-13,Android,united states of america
2017-04-17,Android,united states of america
2017-04-18,Android,united states of america
2017-04-19,Android,united states of america
2017-04-22,Android,united states of america
2017-04-23,Android,united states of america
2017-04-24,Android,united states of america
2017-05-24,Android,united states of america
2017-05-31,Android,united states of america
2017-06-01,Android,united states of america
2017-06-26,Android,united states of america
2017-07-04,Android,unknown / not tracked
2017-09-03,Android,united states of america
2017-09-04,Android,unknown / not tracked
2017-09-26,Android,united states of america
2017-10-07,Android,united states of america
2017-11-04,Android,united states of america
2017-11-08,Android,united states of america
2017-11-10,Android,united states of america
2018-02-04,Android,united states of america
2018-02-05,Android,unknown / not tracked
2018-03-05,Android,united states of america
2018-03-30,Android,united states of america
2018-04-01,Android,united states of america
2018-04-03,Android,united states of america
2018-04-04,Android,unknown / not tracked
2018-04-07,Android,united states of america
2018-04-13,Android,united states of america
2018-04-14,Android,united states of america
2018-04-15,Android,united states of america
2018-04-18,Android,united states of america
2018-04-19,Android,united states of america
2018-04-20,Android,united states of america
2018-04-26,Android,unknown / not tracked
2018-04-27,Android,united states of america
2018-04-28,Android,united states of america
2018-05-01,Android,united states of america
2018-05-02,Android,united states of america
2018-05-03,Android,united states of america
2018-05-04,Android,united states of america
2018-05-05,Android,united states of america
2018-05-09,Android,united states of america
2018-08-26,Android,united states of america
2018-09-02,Android,united states of america
2018-09-06,Android,united states of america
2018-09-06,Web or Other,united states of america
2018-09-07,Android,united states of america
2018-09-08,Android,united states of america
2018-09-09,Android,united states of america
2018-09-09,Web or Other,united states of america
2018-09-13,Android,united states of america
2018-09-14,Android,united states of america
2018-09-14,Web or Other,united states of america
2018-09-15,Android,united states of america
2018-09-16,Android,united states of america
2018-09-17,Android,united states of america
2018-09-18,Android,united states of america
2018-09-18,Web or Other,united states of america
2018-09-19,Android,united states of america
2018-09-20,Android,united states of america
2018-09-21,Android,united states of america
2018-09-23,Android,united states of america
2018-09-25,Android,united states of america
2018-09-26,Android,united states of america
2018-10-01,Android,united states of america
2018-10-02,Android,united states of america
2018-10-05,Android,united states of america
2018-10-12,Android,united states of america
2018-10-13,Android,united states of america
2018-10-14,Android,united states of america
2018-10-16,Android,united states of america
2018-10-27,Android,united states of america
2018-11-05,Android,united states of america
2018-11-10,Android,united states of america
2018-11-16,Android,unknown / not tracked
2018-11-17,Android,unknown / not tracked
2018-11-21,Android,united states of america
2019-01-14,Android,united states of america
2019-01-15,Android,united states of america
2019-01-21,Android,united states of america
2019-01-26,Android,united states of america
2019-02-03,Android,united states of america
2019-02-07,Android,unknown / not tracked
2019-02-07,Web or Other,united states of america
2019-02-08,Web or Other,united states of america
2019-02-11,Web or Other,united states of america
2019-02-12,Web or Other,united states of america
2019-02-13,Android,united states of america
2019-02-14,Android,united states of america
2019-02-15,Android,united states of america
2019-02-18,Android,united states of america
2019-02-19,Android,united states of america
2019-02-20,Android,united states of america
2019-02-24,Android,united states of america
2019-02-26,Android,united states of america
2019-02-27,Android,united states of america
2019-03-01,Android,united states of america
2019-03-03,Android,united states of america
2019-03-09,Android,united states of america
2019-03-11,Android,united states of america
2019-03-12,Android,united states of america
2019-03-13,Android,united states of america
2019-03-15,Android,united states of america
2019-03-16,Android,united states of america
2019-03-17,Android,united states of america
2019-03-19,Android,united states of america
2019-03-20,Android,united states of america
2019-03-22,Android,unknown / not tracked
2019-03-23,Android,united states of america
2019-03-24,Android,united states of america
2019-03-30,Android,united states of america
2019-03-31,Android,united states of america
2019-03-31,Web or Other,united states of america
2019-04-03,Android,united states of america
2019-04-04,Android,united states of america
2019-04-06,Android,united states of america
2019-04-10,Android,united states of america
2019-04-11,Android,united states of america
2019-04-12,Android,united states of america
2019-04-12,Web or Other,united states of america
2019-04-13,Android,united states of america
2019-04-15,Android,united states of america
2019-04-16,Android,united states of america
2019-05-02,Android,united states of america
2019-05-03,Android,united states of america
2019-05-03,Web or Other,united states of america
2019-05-04,Android,united states of america
2019-05-07,Android,united states of america
2019-05-07,Web or Other,united states of america
2019-05-08,Android,united states of america
2019-05-09,Android,united states of america
2019-05-10,Android,united states of america
2019-05-11,Android,united states of america
2019-05-14,Android,united states of america
2019-07-11,Android,united states of america
2019-07-14,Android,united states of america
2019-08-02,Android,united states of america
2019-08-03,Android,united states of america
2019-08-06,Android,united states of america
2019-08-07,Android,united states of america
2019-08-08,Android,united states of america
2019-08-13,Android,united states of america
2019-08-14,Android,united states of america
2019-08-16,Android,united states of america
2019-08-17,Android,united states of america
2019-08-18,Android,united states of america
2019-08-18,Web or Other,united states of america
